Model,Accuracy,Precision,Recall,F1,TNR,FPR,FNR,AUC,TN,FP,FN,TP,Train time (s),Predict time (s),Epochs
K-nearest neighbor,0.9386844582702304,0.8233662145499383,0.9381805409202669,0.8770316860942374,0.9388375940652186,0.06116240593478145,0.061819459079733054,0.9709060241725447,17591,1146,352,5342,0.0028848648071289062,10.20418405532837,
Decision tree,0.9404035856084483,0.8612342311626321,0.8872497365648051,0.8740484429065744,0.9565565458718045,0.04344345412819555,0.11275026343519494,0.9239308531517338,17923,814,642,5052,0.7999379634857178,0.002479076385498047,
SVM,0.8469567352953216,0.6067256250682389,0.9759395855286266,0.7482663434996297,0.8077600469658963,0.19223995303410366,0.024060414471373377,0.9423720572712642,15135,3602,137,5557,1.2658922672271729,0.0023179054260253906,
Random forest,0.9493266751258647,0.8569368792053829,0.9394099051633298,0.8962801608579088,0.9523402892672252,0.047659710732774724,0.06059009483667018,0.9892996692670035,17844,893,345,5349,1.542943000793457,0.05225801467895508,
XGBoost,0.9484671114567558,0.8501500078951524,0.9455567263786442,0.8953188658850919,0.9493515504082831,0.050648449591716924,0.054443273621355814,0.9898668486019643,17788,949,310,5384,0.18375921249389648,0.004826068878173828,
Gradient boosting,0.939666816749212,0.8096565893748165,0.9689146469968388,0.8821554205308603,0.930778673213428,0.06922132678657203,0.03108535300316122,0.9877278828553538,17440,1297,177,5517,22.86828899383545,0.038829803466796875,
Kernel SVM,0.8877655437763498,0.6777884847024813,0.9882332279592554,0.8040868819662761,0.8572343491487431,0.14276565085125686,0.011766772040744644,0.9551174260823179,16062,2675,67,5627,2.7549328804016113,8.0223970413208,
AdaBoost,0.9091727722974909,0.7330650570087189,0.9597822269055146,0.8312419195376074,0.8937930298340182,0.10620697016598175,0.040217773094485425,0.9751641269078746,16747,1990,229,5465,4.239313840866089,0.03751087188720703,
Naive Bayes,0.7540419958249764,0.4864142154748555,0.9903407095187917,0.6523977555388443,0.682233014890324,0.31776698510967605,0.00965929048120829,0.8819308257448382,12783,5954,55,5639,0.007415056228637695,0.007339954376220703,
Logistic regression,0.8489623838565756,0.6106937693327441,0.9708465050930805,0.7497626474976264,0.8119229332337087,0.1880770667662913,0.029153494906919566,0.9463937286648706,15213,3524,166,5528,0.4266350269317627,0.003461122512817383,
Proposed hybrid (RF+XGB),0.9467889157218288,0.830973184694185,0.9687390235335441,0.8945831981835874,0.9401184821476224,0.05988151785237765,0.03126097646645592,0.9908577006787931,17615,1122,178,5516,1.7243151664733887,0.058444976806640625,
Hybrid RF+XGB (soft vote),0.95002251238181,0.8547184773988897,0.9464348436951177,0.8982415201266772,0.9511127715215884,0.0488872284784117,0.05356515630488233,0.990857700678793,17821,916,305,5389,1.6439220905303955,0.05937504768371582,
CNN,0.9397896115590848,0.8094679759636524,0.969968387776607,0.8824798274346888,0.9306185622031276,0.0693814377968725,0.030031612223393046,0.9890881094020293,17437,1300,171,5523,74.80411291122437,0.0965421199798584,141.0
ANN,0.9341001187016496,0.7939821479988483,0.9685634000702494,0.872626582278481,0.9236270480866734,0.07637295191332658,0.03143659992975061,0.9862876898478202,17306,1431,179,5515,14.858850955963135,0.0976569652557373,114.0
MLP,0.9390119110965577,0.8055232558139535,0.9733052335792062,0.881501511054557,0.9285904894059882,0.07140951059401185,0.026694766420793818,0.988625243112007,17399,1338,152,5542,18.685158014297485,0.07977604866027832,77.0
