seed,Model,Accuracy,Precision,Recall,F1,TNR,FPR,FNR,AUC,TN,FP,FN,TP
0,Random forest,0.9473619581679015,0.8582574772431729,0.9272918861959958,0.8914401485733581,0.9534610663393286,0.0465389336606714,0.07270811380400422,0.9885711135554863,17865,872,414,5280
0,XGBoost,0.9471982317547378,0.8573515092502434,0.9278187565858799,0.8911943319838057,0.9530874739819608,0.04691252601803917,0.07218124341412013,0.9893216725802387,17858,879,411,5283
0,Proposed hybrid (RF+XGB),0.9460930784658835,0.835196814213509,0.9576747453459782,0.8922523112165589,0.9425735176388963,0.057426482361103696,0.042325254654021774,0.9903463427419031,17661,1076,241,5453
0,Hybrid RF+XGB (soft vote),0.9488764274896647,0.8595696489241224,0.9330874604847208,0.894821052631579,0.9536745476863959,0.0463254523136041,0.06691253951527924,0.9903463427419031,17869,868,381,5313
1,Random forest,0.9464614628955016,0.8524590163934426,0.9315068493150684,0.8902316213494461,0.9510060308480547,0.04899396915194535,0.0684931506849315,0.9885977706046196,17819,918,390,5304
1,XGBoost,0.9474847529777741,0.8489163107103307,0.9423955040393397,0.8932168123179359,0.9490313283876821,0.05096867161231788,0.05760449596066034,0.9898812925234531,17782,955,328,5366
1,Proposed hybrid (RF+XGB),0.9448241987638656,0.8278515389257695,0.9636459430979979,0.8906021749715956,0.9391044457490527,0.06089555425094732,0.03635405690200211,0.9905960651158601,17596,1141,207,5487
1,Hybrid RF+XGB (soft vote),0.948385248250174,0.8516579406631762,0.9427467509659291,0.8948903892639827,0.9500987351230187,0.04990126487698138,0.057253249034070954,0.9905960557427766,17802,935,326,5368
2,Random forest,0.9479350006139741,0.8568431245965139,0.932384966631542,0.8930193439865434,0.9526605112878263,0.04733948871217377,0.06761503336845803,0.9888910543835859,17850,887,385,5309
2,XGBoost,0.9484261798534649,0.855516356638871,0.9369511766772041,0.8943839061190276,0.9519133265730907,0.048086673426909324,0.06304882332279592,0.9899644973846191,17836,901,359,5335
2,Proposed hybrid (RF+XGB),0.946707052515247,0.8343483556638246,0.962416578854935,0.8938183004403849,0.9419330735976944,0.058066926402305596,0.03758342114506498,0.9905528692611024,17649,1088,214,5480
2,Hybrid RF+XGB (soft vote),0.9495722647456101,0.8568458093410108,0.9408148928696873,0.8968692449355433,0.9522335485936916,0.04776645140630838,0.05918510713031261,0.990552859888019,17842,895,337,5357
3,Random forest,0.9469526421349924,0.8562864549578743,0.9281700035124693,0.8907803809202764,0.9526605112878263,0.04733948871217377,0.07182999648753073,0.9890175722630518,17850,887,409,5285
3,XGBoost,0.9485489746633375,0.8569589702333065,0.9353705655075518,0.8944495759509614,0.9525537706142926,0.047446229385707424,0.06462943449244819,0.9893172906637584,17848,889,368,5326
3,Proposed hybrid (RF+XGB),0.9457246940362654,0.8341493268053856,0.9574991218826835,0.8915780866721178,0.9421465549447617,0.057853445055238296,0.042500878117316475,0.9904456271276078,17653,1084,242,5452
3,Hybrid RF+XGB (soft vote),0.9485489746633375,0.8560423688011555,0.9367755532139094,0.8945911949685534,0.952126807920158,0.047873192079842024,0.06322444678609063,0.9904456271276079,17840,897,360,5334
4,Random forest,0.9466661209119561,0.8556617527944274,0.9276431331225852,0.8901997134911941,0.9524470299407589,0.04755297005924107,0.07235686687741483,0.9878361044760615,17846,891,412,5282
4,XGBoost,0.9456428308296836,0.8472796691059498,0.9353705655075518,0.8891485809682804,0.948764476703848,0.051235523296152,0.06462943449244819,0.989614712659037,17777,960,368,5326
4,Proposed hybrid (RF+XGB),0.9436781138717204,0.8275182038834952,0.9580259922725676,0.8880026045905909,0.9393179270961199,0.06068207290388002,0.041974007727432386,0.9900507250651753,17600,1137,239,5455
4,Hybrid RF+XGB (soft vote),0.9476484793909378,0.8528048585584146,0.9371268001404988,0.892979666973475,0.9508459198377541,0.049154080162245824,0.06287319985950122,0.9900507250651752,17816,921,358,5336
