Model,Accuracy,Macro precision,Macro recall,Macro F1,Weighted F1,FPR,APT detection rate,Macro AUC (OvR),Recall: Benign,Recall: Reconnaissance,Recall: Establish Foothold,Recall: Lateral Movement,Recall: Data Exfiltration,Train time (s),Predict time (s),Epochs
K-nearest neighbor,0.922113534973192,0.6358674775557863,0.8236202149483454,0.6871831969654827,0.929247167543251,0.08741128128502054,0.9764664559185107,0.9359619718672384,0.9125887187149795,0.9599374021909233,0.9713513513513513,0.8742236024844721,0.4,0.008607625961303711,25.48539900779724,
Decision tree,0.9356607866410183,0.7535538774107953,0.8017369138999036,0.7692448376481547,0.93892195487305,0.0580073643204013,0.9223744292237442,0.8895780676048546,0.9419926356795987,0.9051643192488263,0.9789189189189189,0.782608695652174,0.4,2.48470401763916,0.002724885940551758,
SVM,0.7355625588343634,0.47208484130539297,0.8037835077515103,0.5076313629671063,0.7822550257688966,0.28976999839906076,0.9773445732349842,,0.7102300016009392,0.7721439749608764,0.8902702702702703,0.8462732919254659,0.8,55.49738907814026,0.002747774124145508,
Random forest,0.9378299840379815,0.7840439412505262,0.839287003859704,0.7888337932970189,0.942874563872656,0.07022786701531565,0.972251492799438,0.951817769357446,0.9297721329846843,0.9636932707355242,0.9821621621621621,0.9208074534161491,0.4,3.786888360977173,0.0504457950592041,
XGBoost,0.938362051324029,0.7315801664526663,0.8378988656007375,0.7698662335244539,0.9431476152501523,0.07081487806179626,0.9748858447488584,0.9857472262496039,0.9291851219382038,0.974960876369327,0.9816216216216216,0.9037267080745341,0.4,1.3674359321594238,0.021697044372558594,
Gradient boosting,0.9229321000286498,0.6419348951807811,0.8826282341449341,0.6957745465582463,0.9306031753178279,0.09482896632691179,0.9917456972251493,0.9541338173429554,0.9051710336730883,0.9921752738654147,0.9794594594594594,0.9363354037267081,0.6,282.81550693511963,0.14647221565246582,
Kernel SVM,0.8057954405926411,0.5415197554669219,0.8390515968312398,0.5823812683454217,0.8412063367228926,0.21281818666951277,0.9875307341060766,,0.7871818133304872,0.8419405320813772,0.9167567567567567,0.8493788819875776,0.8,2.306321859359741,12.190653800964355,
AdaBoost,0.7383456800229198,0.5438122867018959,0.7905624812384915,0.5617292846805918,0.7924127283531219,0.31533166124126155,0.9464348436951177,0.9281740934265041,0.6846683387587384,0.9198748043818467,0.947027027027027,0.8012422360248447,0.6,10.384247064590454,0.04740715026855469,
Naive Bayes,0.5924364588875701,0.2839437684515166,0.45735840666166244,0.26108056831109744,0.6596260833010795,0.3619189924755857,0.992448191078328,0.8592558200652778,0.6380810075244143,0.7602503912363068,0.023243243243243242,0.06521739130434782,0.8,0.018901824951171875,0.012890100479125977,
Logistic regression,0.7547579093848483,0.4809086113866585,0.7689784048596107,0.5183260936255975,0.7963520886745304,0.2652222637280538,0.9604847207586934,0.9087610209807104,0.7347777362719462,0.7636932707355243,0.9156756756756756,0.8307453416149069,0.6,8.297041177749634,0.003531932830810547,
Hybrid RF+XGB (soft vote),0.9389350468628495,0.78533254234274,0.8408954554019811,0.7906825763370381,0.9438595708937115,0.07081487806179626,0.9775201966982789,0.9849658067891746,0.9291851219382038,0.9758998435054773,0.9832432432432432,0.9161490683229814,0.4,5.401656150817871,0.07251977920532227,
CNN,0.9264519297671182,0.678658448358467,0.8387481278148143,0.733850893646065,0.9334861655791106,0.08767810448796627,0.9871794871794872,0.9636295439172624,0.9123218955120337,0.9812206572769953,0.9778378378378378,0.922360248447205,0.4,197.73836183547974,0.03811526298522949,146.0
ANN,0.9183072074653134,0.6321406604978362,0.874461295656616,0.6911188446216887,0.9261968062393532,0.09562943593574898,0.9899894625922023,0.9653247862174055,0.904370564064251,0.9646322378716745,0.9778378378378378,0.9254658385093167,0.6,41.61840796470642,0.0027849674224853516,132.0
MLP,0.9222772479842836,0.6369065243054478,0.8390142269468027,0.6911978678562596,0.9300284271091345,0.09450877848337691,0.9917456972251493,0.9745307591433419,0.9054912215166231,0.9865414710485133,0.9837837837837838,0.9192546583850931,0.4,60.587578773498535,0.005133152008056641,102.0
